<?xml version="1.0"?>
<config xmlns:xsi="http://www.w3.org/2001/XMLSchema-instance" xsi:noNamespaceSchemaLocation="urn:magento:module:Magento_Config:etc/system_file.xsd">
    <system>
        <section id="kharvi_configurations" translate="label" sortOrder="100" showInDefault="1" showInWebsite="1" showInStore="1">
            <class>separator-top</class>
            <label>Limited Cart</label>
            <tab>catalog</tab>
            <resource>Magento_CatalogInventory::cataloginventory</resource>
            <group id="general" translate="label" type="text" sortOrder="1" showInDefault="1" showInWebsite="0" showInStore="0">
                <label>Limited Cart Configuration</label>
                <field id="qty_per_cart" translate="label" type="text" sortOrder="1" showInDefault="1" showInWebsite="0" showInStore="0">
                    <label>Add To Cart Limitation, in numbers</label>
                </field>
                <field id="color_codes" translate="label" type="textarea" sortOrder="2" showInDefault="1" showInWebsite="0" showInStore="0">
                    <label>attribute values (like color code, ex: ABC, BCD) comma separated, this color code can be added only these many qty's</label>
                </field>
            </group>
        </section>
    </system>
</config>