<?xml version="1.0"?>
<config xmlns:xsi="http://www.w3.org/2001/XMLSchema-instance" xsi:noNamespaceSchemaLocation="urn:magento:framework:ObjectManager/etc/config.xsd">
    <type name="Magento\Checkout\Model\Cart">
        <plugin name="prevent_add_to_cart" type="Kharvi\LimitedQtyPerCart\Plugin\LimitedQtyAddToCart"/>
    </type>
    <type name="Magento\Checkout\Model\Cart">
       <plugin name="limited_update_to_cart" type="Kharvi\LimitedQtyPerCart\Plugin\LimitedQtyUpdateToCart"/>
   </type>
   <type name="Magento\Checkout\Model\Cart">
       <plugin name="limited_update_item_options" type="Kharvi\LimitedQtyPerCart\Plugin\LimitedQtyUpdateItemOptions"/>
   </type>
</config>